trial_scope,n_trials,observed_sharpe,trial_sharpe_std,expected_max_null_sharpe,psr_vs_zero,dsr,sharpe_ci_low,sharpe_ci_high
trial_count_all,884,0.712683147842415,0.46947386440305144,1.5116553035489533,0.999999999999934,5.551115123125783e-17,-0.18785767037032314,1.8248127607318994
trial_count_same_target,164,0.712683147842415,0.46947386440305144,1.2675807857924097,0.999999999999934,4.083591020886956e-09,-0.18785767037032314,1.8248127607318994
