,mom_252d_skip_21d,ret_5d
mom_252d_skip_21d,1.0,-0.1533897229221819
ret_5d,-0.1533897229221819,1.0
